<?xml version="1.0" encoding="utf-8"?>
<resources>
    <style name="RoundedBottomImageView" >
        <item name="shapeAppearanceOverlay">@style/RoundedBottomCorners</item>
    </style>

    <style name="RoundedBottomCorners">
        <item name="cornerFamily">rounded</item>
        <item name="cornerSizeTopLeft">0dp</item>
        <item name="cornerSizeTopRight">0dp</item>
        <item name="cornerSizeBottomLeft">20dp</item>
        <item name="cornerSizeBottomRight">20dp</item>
    </style>

</resources>